0000,0015,0030,0045,0100,0115,0130,0145,0200,0215,0230,0245,0300,0315,0330,0345,0400,0415,0430,0445,0500,0515,0530,0545,0600,0615,0630,0645,0700,0715,0730,0745,0800,0815,0830,0845,0900,0915,0930,0945,1000,1015,1030,1045,1100,1115,1130,1145,1200,1215,1230,1245,1300,1315,1330,1345,1400,1415,1430,1445,1500,1515,1530,1545,1600,1615,1630,1645,1700,1715,1730,1745,1800,1815,1830,1845,1900,1915,1930,1945,2000,2015,2030,2045,2100,2115,2130,2145,2200,2215,2230,2245,2300,2315,2330,2345
12265,12138,12054,11914,11806,11700,11631,11558,11475,11427,11368,11328,11290,11274,11242,11199,11152,11139,11114,11097,11093,11108,11131,11130,11075,11072,11112,11091,11046,11099,11137,11101,10978,10755,10463,10255,10063,9738,9292,8838,8466,8155,7887,7634,7412,7208,7023,6844,6724,6583,6411,6270,6197,6173,6218,6311,6416,6613,6800,6911,7028,7219,7443,7712,8064,8408,8831,9219,9594,10069,10562,10899,11104,11189,11264,11386,11509,11657,11787,11879,11943,12006,12133,12207,12263,12400,12451,12439,12419,12406,12314,12155,12069,12054,12004,11870
11718,11550,11424,11309,11209,11144,11090,11035,10983,10936,10899,10847,10815,10807,10791,10781,10765,10731,10721,10699,10732,10786,10797,10787,10798,10830,10900,10927,10904,10915,10863,10742,10584,10456,10271,10100,9959,9767,9512,9152,8841,8536,8217,7903,7655,7469,7291,7202,7176,7154,7180,7260,7311,7412,7686,7905,8031,8206,8318,8292,8235,8115,8018,8032,8152,8290,8389,8481,8644,8850,9157,9520,9861,10083,10269,10473,10720,10965,11180,11449,11717,11900,12015,12070,12105,12182,12252,12275,12273,12224,12136,11999,11905,11911,11845,11733
11486,11335,11217,11083,11004,10914,10853,10814,10811,10828,10799,10736,10696,10717,10698,10672,10640,10630,10665,10686,10732,10772,10763,10727,10788,10887,10934,10986,11048,11007,10953,10895,10822,10612,10406,10292,10116,9841,9590,9420,9243,8967,8755,8633,8541,8398,8289,8228,8156,8019,7993,7983,8066,8170,8372,8701,8958,9122,9204,9194,9160,9196,9240,9240,9271,9327,9394,9595,9859,10096,10234,10329,10373,10496,10624,10702,10826,10926,11032,11222,11416,11620,11793,11861,11858,11880,11907,11945,11914,11869,11776,11621,11543,11527,11420,11276
11148,10917,10632,10437,10367,10349,10296,10258,10277,10278,10252,10183,10114,10051,9987,9923,9902,9950,9978,9964,9962,9924,9840,9755,9734,9750,9717,9602,9465,9302,9124,8934,8665,8372,8118,7933,7798,7591,7276,7075,6870,6530,6234,6029,5866,5683,5461,5360,5362,5243,5109,4996,4946,4966,4879,4785,4726,4666,4682,4780,4955,5163,5273,5319,5468,5802,6126,6446,6790,7231,7703,8054,8357,8708,9047,9318,9581,9912,10156,10417,10734,11044,11302,11468,11589,11679,11788,11853,11911,11926,11896,11799,11711,11652,11576,11467
11359,11266,11169,11065,10965,10880,10799,10733,10689,10657,10643,10629,10617,10640,10636,10592,10578,10585,10592,10578,10559,10521,10407,10302,10166,9950,9713,9507,9324,9132,8880,8625,8379,8083,7831,7565,7336,7152,6855,6562,6320,6043,5792,5582,5387,5193,5055,4906,4785,4715,4637,4596,4652,4718,4673,4667,4641,4621,4661,4738,4803,4911,5074,5272,5504,5770,6020,6393,6908,7419,7842,8243,8642,8977,9323,9596,9818,10091,10363,10640,10916,11150,11337,11437,11514,11580,11575,11597,11668,11706,11631,11514,11440,11364,11255,11108
11009,11015,11038,10978,10916,10898,10863,10770,10689,10710,10712,10686,10707,10733,10742,10744,10748,10772,10794,10854,10922,11003,11048,11072,11055,11018,10968,10962,11010,11102,11163,11177,11091,10936,10758,10625,10546,10528,10429,10245,10116,9985,9787,9599,9428,9376,9393,9394,9379,9292,9225,9201,9252,9441,9633,9719,9763,9771,9871,9985,10112,9333,10513,10683,10714,10750,10868,11097,11375,11587,11710,11818,11897,11798,11744,11806,11902,11957,12105,12261,12361,12484,12619,12745,12837,12896,12920,12943,13008,13003,12835,12628,12507,12418,12290,12098
11936,11847,11745,11617,11537,11490,11454,11404,11346,11309,11266,11184,11131,11120,11111,11095,11068,11055,11039,11040,11074,11101,11071,11091,11106,11136,11185,11181,11201,11351,11487,11565,11514,11391,11248,11149,11024,10802,10466,10135,9905,9666,9410,9151,8963,8795,8631,8568,8509,8375,8172,8016,7932,7075,7886,7876,7877,7920,7971,8045,8121,8236,8460,8684,8878,9060,9234,9445,9791,10173,10566,10865,11057,11193,11369,11603,11822,12011,12202,12402,12568,12717,12862,12964,13056,13172,13258,13266,13277,13281,13195,13011,12883,12827,12696,12491
12305,12202,12127,11992,11871,11753,11677,11599,11525,11470,11415,11366,11334,11335,11336,11300,11266,11251,11238,11232,11224,11216,11200,11195,11141,11131,11193,11179,11111,11117,11137,11083,10967,10741,10467,10293,10087,9802,9430,9019,8655,8374,8150,8018,7939,7810,7673,7521,7412,7298,7212,7151,7146,7209,7242,7263,7330,7557,7762,7857,7926,7995,8143,8370,8621,8825,9049,9385,9808,10215,10571,10817,10988,11048,11167,11329,11463,11647,11815,11977,12126,12250,12432,12553,12631,12805,12902,12952,12989,13052,12999,12856,12753,12714,12640,12453
12252,12079,11943,11799,11672,11598,11544,11462,11390,11329,11279,11219,11185,11186,11172,11150,11131,11100,11090,11050,11042,11063,11038,11017,10992,10967,10980,10971,10917,10891,10815,10675,10516,10396,10232,10090,10003,9897,9701,9357,9059,8772,8482,8177,7905,7685,7531,7449,7412,7348,7352,7408,7433,7491,7708,7912,8023,8164,8224,8174,8071,7954,7892,7901,8057,8241,8357,8463,8637,8873,9219,9617,9928,10143,10354,10572,10838,11087,11295,11526,11735,11907,12000,12046,12098,12205,12298,12343,12392,12419,12383,12245,12138,12112,12032,11907
11759,11597,11494,11375,11279,11185,11123,11102,11096,11118,11092,11022,10984,11019,10998,10971,10946,10940,10949,10956,10988,11016,10977,10919,10872,10886,10879,10857,10804,10698,10545,10422,10250,9954,9656,9462,9226,8924,8597,8322,8046,7722,7489,7325,7174,7039,6890,6772,6684,6560,6518,6518,6559,6657,6904,7253,7575,7763,7908,7958,7948,8018,8125,8199,8289,8381,8491,8676,8968,9231,9408,9552,9615,9736,9939,10065,10198,10346,10493,10714,10940,11158,11324,11418,11445,11479,11527,11573,11638,11704,11685,11551,11461,11490,11435,11299
11139,10935,10701,10530,10431,10370,10279,10196,10177,10158,10109,10027,9961,9916,9874,9832,9802,9808,9814,9793,9790,9716,9573,9455,9424,9431,9383,9278,9130,8937,8743,8568,8353,8126,7951,7860,7818,7655,7376,7199,7018,6698,6394,6178,5973,5769,5522,5384,5336,5197,5066,4955,4926,4926,4788,4646,4544,4418,4391,4488,4655,4866,4970,5002,5109,5343,5565,5853,6220,6677,7124,7488,7794,8180,8529,8798,9095,9475,9720,9939,10185,10486,10776,10946,11072,11197,11308,11369,11462,11532,11539,11450,11366,11334,11276,11160
11055,10950,10857,10784,10687,10617,10542,10489,10464,10446,10429,10413,10414,10421,10386,10341,10337,10341,10330,10302,10284,10234,10118,10018,9919,9757,9581,9424,9300,9165,8998,8815,8652,8468,8322,8168,7989,7814,7539,7283,7084,6838,6619,6511,6457,6381,6392,6407,6411,6424,6420,6418,6516,6647,6677,6727,6768,6773,6842,6922,6972,7062,7210,7386,7583,7791,7972,8236,8627,8994,9275,9567,9864,10080,10315,10484,10607,10780,10954,11130,11326,11467,11546,11575,11629,11683,11649,11610,11649,11697,11650,11548,11458,11384,11287,11153
11071,11077,11085,10997,10914,10898,10856,10752,10656,10638,10610,10571,10576,10602,10595,10596,10611,10622,10619,10665,10689,10657,10650,10641,10577,10511,10468,10446,10435,10424,10404,10361,10202,9964,9743,9647,9579,9526,9381,9195,9093,9014,8876,8813,8712,8629,8607,8481,8389,8286,8216,8267,8329,8516,8668,8780,8972,9177,9377,9572,9731,8996,10173,10313,10361,10465,10670,10984,11269,11540,11806,11967,12004,11931,11881,11904,11927,11889,11943,12021,12084,12164,12226,12283,12334,12391,12407,12412,12462,12468,12407,12280,12160,12090,11980,11789
11603,11527,11404,11250,11137,11050,10982,10895,10822,10772,10726,10635,10584,10563,10542,10535,10521,10527,10526,10531,10574,10599,10571,10621,10685,10750,10776,10732,10738,10887,11011,11069,11021,10935,10782,10665,10559,10390,10171,9932,9754,9560,9324,9137,8972,8831,8666,8584,8546,8439,8252,8116,8059,7260,8155,8212,8220,8225,8180,8136,8115,8160,8315,8434,8537,8714,8899,9080,9414,9787,10198,10571,10777,10896,11056,11258,11434,11600,11813,12043,12247,12434,12620,12744,12842,12965,13032,13026,13052,13103,13081,12940,12838,12790,12663,12456
12281,12220,12148,11998,11870,11766,11685,11580,11488,11411,11340,11277,11238,11234,11216,11187,11169,11160,11141,11133,11123,11095,11058,11032,10965,10969,11048,11039,11008,11024,11058,11032,10944,10782,10576,10396,10196,9967,9708,9428,9155,8987,8891,8902,8901,8819,8777,8751,8736,8719,8715,8703,8756,8893,8959,8970,8997,9171,9333,9436,9445,9378,9395,9612,9831,10033,10208,10440,10770,11113,11389,11542,11599,11499,11437,11438,11473,11522,11553,11625,11725,11805,11940,12037,12095,12241,12304,12340,12391,12509,12460,12317,12246,12225,12179,12031
11876,11759,11664,11496,11320,11186,11082,11021,10957,10927,10903,10866,10836,10820,10760,10745,10747,10772,10766,10770,10778,10729,10646,10639,10600,10534,10489,10451,10427,10387,10341,10235,10137,9983,9778,9624,9467,9336,9100,8812,8563,8372,8102,7832,7670,7543,7486,7425,7362,7246,7081,6967,6868,6893,6857,6760,6733,6759,6782,6809,6857,6902,7001,7120,7250,7438,7666,8021,8441,8832,9237,9595,9815,9947,10159,10420,10710,10965,11230,11453,11623,11811,11963,12087,12183,12270,12315,12369,12417,12484,12477,12349,12249,12178,12045,11861
11682,11516,11387,11241,11116,11013,10932,10869,10821,10784,10744,10655,10613,10584,10522,10486,10471,10478,10470,10490,10557,10548,10515,10475,10489,10472,10483,10485,10511,10556,10610,10680,10666,10586,10482,10351,10224,10075,9841,9565,9308,9070,8786,8492,8236,7993,7776,7604,7476,7336,7191,7099,7109,7118,7186,7170,7197,7226,7333,7411,7446,7513,7687,7870,8049,8256,8509,8778,9149,9467,9827,10082,10200,10249,10423,10606,10764,10899,11082,11285,11472,11587,11683,11771,11817,11846,11891,11898,11949,12007,11993,11882,11744,11706,11614,11467
11223,11049,10850,10671,10569,10526,10457,10371,10326,10301,10246,10183,10134,10125,10094,10061,10024,10034,10036,9994,9968,9836,9682,9557,9499,9486,9436,9300,9126,8952,8771,8581,8366,8161,8007,7899,7829,7687,7438,7192,6958,6685,6355,6076,5808,5513,5163,4950,4856,4713,4568,4442,4399,4321,4193,4088,4039,3989,3973,3994,4090,4253,4342,4419,4579,4817,5004,5285,5678,6115,6540,6930,7258,7690,8095,8395,8744,9166,9461,9737,9990,10269,10541,10699,10828,10975,11080,11124,11229,11345,11407,11338,11247,11186,11058,10915
10838,10776,10718,10650,10550,10469,10382,10316,10296,10291,10281,10251,10262,10283,10253,10225,10228,10236,10241,10229,10203,10146,10050,9934,9812,9674,9511,9350,9220,9075,8890,8734,8602,8441,8275,8109,7982,7833,7523,7248,7059,6816,6609,6491,6428,6386,6430,6491,6546,6564,6499,6481,6555,6628,6643,6680,6691,6641,6645,6730,6809,6966,7156,7347,7501,7611,7798,8056,8408,8750,9023,9294,9542,9764,10003,10160,10314,10489,10684,10890,11116,11302,11421,11501,11575,11626,11633,11621,11662,11768,11784,11703,11624,11529,11394,11225
11144,11196,11209,11128,11063,11034,10985,10904,10831,10812,10768,10708,10678,10676,10653,10629,10621,10622,10626,10652,10643,10577,10526,10495,10422,10384,10363,10345,10296,10241,10146,10002,9773,9473,9176,8994,8873,8740,8519,8307,8220,8155,8048,7999,7872,7726,7663,7570,7507,7422,7320,7302,7298,7372,7386,7353,7390,7526,7646,7754,7848,7971,8164,8311,8447,8636,8836,9137,9440,9775,10113,10343,10478,10522,10592,10765,10929,11068,11254,11409,11578,11730,11851,11934,11982,12082,12187,12239,12294,12370,12405,12324,12235,12227,12143,11967
11822,11762,11664,11508,11351,11230,11139,11026,10933,10882,10845,10784,10742,10713,10671,10644,10639,10668,10697,10713,10735,10735,10716,10767,10816,10825,10750,10745,10758,10857,10940,10919,10843,10718,10520,10363,10227,10008,9723,9440,9220,8985,8709,8554,8400,8307,8205,8158,8143,8072,7930,7766,7792,7950,8024,8046,8033,8033,7971,7939,7931,7935,8022,8142,8256,8416,8592,8799,9171,9567,9954,10331,10567,10690,10880,11145,11351,11559,11781,12003,12214,12401,12607,12746,12822,12883,12919,12899,12895,12930,12939,12841,12791,12789,12680,12463
12287,12205,12107,11958,11822,11722,11639,11540,11460,11382,11327,11278,11253,11258,11227,11208,11210,11202,11196,11199,11189,11158,11123,11109,11056,11052,11094,11090,11070,11065,11099,11083,10980,10768,10493,10278,10047,9804,9566,9306,9039,8890,8776,8727,8679,8562,8463,8400,8366,8351,8359,8381,8442,8559,8578,8561,8557,8634,8715,8733,8728,8639,8699,8947,9085,9217,9376,9634,9973,10307,10596,10770,10856,10823,10834,10926,11092,11261,11407,11591,11772,11961,12169,12331,12480,12609,12691,12743,12774,12834,12799,12672,12600,12605,12559,12407
11860,11756,11657,11483,11298,11167,11083,11032,10991,10968,10934,10907,10888,10874,10838,10840,10860,10870,10879,10902,10920,10877,10850,10883,10930,10960,10993,11026,11068,11076,11052,10959,10855,10685,10460,10281,10100,9243,9582,9265,8921,8629,8293,8007,7813,7666,7586,7507,7380,7233,7077,6935,6876,6879,6871,6919,6947,7004,7048,7092,7173,7275,7391,7499,7599,7752,7982,8350,8757,9196,9592,10038,10311,10519,10743,10964,11144,11281,11519,11775,12031,12282,12543,12729,12831,12869,12888,12931,12975,13040,13011,12911,12834,12797,12677,12476
12252,12076,11904,11751,11609,11514,11422,11302,11245,11204,11137,11069,11022,10941,10863,10822,10819,10817,10811,10819,10823,10799,10751,10722,10737,10761,10815,10864,10993,11114,11248,11337,11337,11282,11207,11062,10884,10700,10444,10141,9871,9628,9352,9068,8810,8570,8326,8167,8024,7934,7805,7701,7699,7689,7671,7632,7596,7675,7791,7895,7986,8131,8332,8525,8657,8872,9087,9358,9734,10086,10453,10749,10898,10974,11108,11286,11440,11598,11817,11984,12127,12253,12395,12470,12497,12539,12586,12588,12592,12604,12551,12406,12271,12158,12031,11838
11690,11538,11407,11263,11147,11032,10921,10779,10658,10602,10539,10479,10439,10435,10411,10393,10370,10391,10418,10403,10393,10333,10248,10152,10073,10014,9949,9840,9675,9513,9334,9120,8912,8736,8566,8409,8260,8042,7747,7485,7275,7023,6699,6388,6099,5857,5622,5412,5245,5075,4970,4873,4790,4666,4586,4523,4514,4555,4600,4646,4706,4780,4817,4898,5066,5261,5379,5614,5994,6424,6882,7307,7631,7990,8350,8625,8981,9352,9692,10034,10295,10593,10854,11007,11138,11286,11396,11431,11495,11569,11617,11586,11509,11417,11249,11085
11014,10972,10891,10766,10630,10542,10469,10395,10371,10340,10285,10243,10222,10197,10162,10137,10132,10104,10084,10096,10105,10075,9967,9892,9865,9813,9690,9485,9336,9213,9027,8890,8812,8724,8576,8558,8519,8370,8114,7918,7844,7674,7453,7257,7131,7006,6985,6970,6940,6935,6943,6935,6891,6828,6864,6879,6867,6843,6861,6932,7021,7188,7346,7586,7869,8097,8387,8668,8928,9097,9266,9426,9559,9721,9911,10116,10347,10571,10823,11081,11263,11424,11555,11657,11709,11734,11735,11717,11735,11857,11926,11857,11754,11656,11494,11336
11265,11306,11280,11179,11095,11036,10968,10869,10791,10757,10705,10643,10613,10612,10570,10543,10538,10538,10533,10537,10520,10427,10346,10325,10290,10276,10253,10253,10193,10125,10035,9869,9637,9361,9066,8868,8667,8394,8039,7728,7556,7432,7247,7133,6976,6759,6607,6430,6365,6347,6290,6280,6311,6456,6548,6521,6554,6681,6794,6892,6989,7139,7317,7463,7645,7887,8068,8338,8613,8930,9295,9578,9721,9801,9932,10161,10389,10609,10858,11097,11313,11535,11750,11874,11946,12065,12172,12218,12257,12345,12425,12366,12293,12272,12179,12000
11859,11782,11671,11538,11386,11252,11167,11078,11008,10963,10941,10880,10831,10801,10774,10753,10749,10769,10788,10801,10812,10815,10806,10847,10889,10882,10747,10671,10638,10678,10705,10617,10497,10354,10143,9963,9811,9633,9393,9140,8902,8689,8463,8331,8177,8055,7915,7800,7758,7692,7554,7405,7414,7529,7557,7529,7478,7473,7435,7381,7370,7418,7550,7663,7798,7981,8223,8540,8925,9227,9494,9808,10025,10087,10254,10506,10732,10957,11217,11472,11722,11967,12208,12390,12530,12633,12668,12681,12710,12765,12809,12764,12735,12761,12673,12478
11968,11888,11763,11639,11504,11379,11261,11183,11115,11069,11037,10990,10962,10930,10894,10889,10887,10877,10876,10884,10878,10844,10841,10865,10910,10966,10973,10993,11010,11010,11057,11048,9695,10677,10419,10215,10006,9797,9522,9227,8990,8802,8601,8395,8220,8081,7963,7881,7813,7759,7663,7615,7669,7731,7797,7808,7830,7859,7912,7929,7945,8009,8174,8345,8509,8674,8902,9242,9568,9884,10177,10449,10570,10636,10758,10936,11126,11328,11545,11764,11897,12042,12239,12340,12433,12517,12568,12579,12605,12614,12598,12524,12440,12449,12306,12134
11997,11896,11784,11590,11458,11356,11293,11209,11141,11080,11051,11018,10982,10946,10932,10925,10929,10925,10913,10936,10932,10908,10928,10949,10995,11027,11067,11086,11103,11122,11082,11009,10894,10710,10526,10318,10118,9270,9579,9250,8931,8671,8427,8210,8033,7887,7758,7648,7120,7353,7220,7099,7138,7183,7225,7224,7294,7338,7407,7509,7624,7813,7997,8136,8264,8397,8614,8982,9364,9742,10149,10546,10834,11045,11245,11437,11549,11687,11897,12074,12246,12517,12778,12956,13057,13099,13107,13146,13206,13191,13082,12966,12905,12963,12929,12742
12539,12345,12171,12004,11885,11780,11637,11528,11471,11419,11376,11286,11242,11177,11131,11085,11076,11103,11123,11105,11116,11102,11059,11057,11119,11207,11334,11491,11724,11941,12131,12219,12265,12258,12247,12195,12102,11929,11668,11527,11291,11036,10801,10578,10382,10136,9916,9767,9689,9589,9499,9452,9356,9264,9045,8895,8779,8750,8775,8820,8858,8826,8923,9049,9224,9424,9649,9977,10275,10605,10871,11094,11176,11254,11468,11630,11749,11866,12036,12208,12348,12488,12652,12761,12771,12811,12817,12811,12813,12839,12794,12674,12561,12487,12343,12155
12167,12008,11861,11689,11545,11423,11316,11180,11065,10994,10921,10866,10824,10799,10767,10740,10712,10717,10710,10680,10644,10572,10512,10442,10371,10314,10243,10123,9975,9845,9676,9468,9212,8969,8759,8609,8462,8295,8106,7913,7719,7541,7352,7149,6970,6802,6639,6461,6281,6115,5997,5862,5737,5657,5642,5651,5694,5829,5913,5962,6030,6093,6149,6303,6556,6798,6969,7261,7658,8045,8467,8847,9108,9381,9659,9855,10102,10366,10644,10941,11183,11422,11593,11697,11784,11892,11984,11995,12022,12063,12085,12056,11993,11893,11717,11565
11489,11447,11355,11202,11049,10907,10828,10748,10720,10704,10631,10569,10534,10505,10478,10464,10467,10407,10359,10392,10409,10373,10264,10191,10160,10101,9945,9709,9510,9328,9088,8906,8764,8584,8358,8269,8211,8073,7843,7658,7612,7520,7414,7234,7078,6884,6703,6591,6538,6503,6442,6384,6311,6194,6153,6104,6058,6081,6025,5982,6046,6158,6313,6549,6834,7080,7422,7740,8067,8327,8569,8790,8978,9187,9391,9659,9954,10225,10510,10828,11098,11347,11561,11738,11858,11918,11933,11988,12069,12215,12308,12252,12146,12053,11893,11753
11695,11772,11765,11674,11606,11540,11474,11393,11338,11315,11278,11226,11195,11171,11135,11111,11113,11122,11136,11149,11157,11127,11069,11077,11067,11083,11106,11121,11107,11140,11123,11051,10940,10769,10619,10502,10339,10085,9799,9558,9416,9328,9216,9134,8991,8798,8624,8507,8418,8327,8282,8240,8259,8374,8442,8396,8348,8354,8326,8334,8397,8487,8575,8647,8720,8769,8775,8924,9124,9326,9565,9774,9911,10000,10123,10332,10577,10847,11134,11410,11654,11909,12184,12366,12488,12621,12669,12661,12718,12841,12939,12894,12836,12831,12725,12527
12378,12276,12166,12042,11898,11773,11697,11609,11532,11482,11447,11388,11332,11304,11293,11270,11253,11265,11281,11297,11295,11273,11266,11294,11296,11248,11091,11005,10930,10889,10844,10701,10528,10320,10030,9756,9489,9186,8837,8515,8174,7881,7621,7365,7168,7050,6896,6791,6763,6745,6606,6482,6521,6659,6700,6705,6756,6808,6849,6923,7035,7198,7408,7561,7727,7875,8086,8412,8776,9043,9295,9603,9849,9950,10151,10431,10626,10805,11072,11340,11584,11871,12132,12315,12475,12584,12621,12665,12685,12695,12678,12615,12609,12673,12569,12366
11883,11768,11650,11489,11344,11195,11059,10952,10882,10847,10820,10771,10736,10700,10700,10701,10690,10687,10704,10728,10731,10721,10749,10805,10854,10857,10828,10825,10845,10863,10862,10789,9431,10427,10200,10010,9822,9702,9539,9307,9029,8773,8433,8146,7897,7745,7544,7357,7182,7069,7055,7042,7091,7121,7042,6953,6975,7024,7098,7160,7252,7352,7545,7732,7906,8165,8435,8767,9123,9461,9770,10079,10266,10399,10644,10892,11108,11324,11620,11923,12141,12369,12544,12700,12794,12894,12933,12968,12981,13016,12959,12820,12804,12850,12744,12611
12464,12389,12290,12123,11989,11871,11778,11671,11592,11493,11400,11345,11313,11280,11256,11243,11254,11255,11263,11257,11268,11240,11238,11247,11281,11303,11340,11333,11360,11378,11353,11257,11087,10870,10616,10429,10274,10056,9667,9265,9037,8883,8712,8517,8331,8164,8030,7931,7454,7749,7680,7690,7694,7674,7761,7836,7904,8019,8120,8205,8328,8431,8611,8823,9028,9196,9396,9747,10141,10529,10943,11353,11667,11856,11978,12080,12134,12212,12369,12481,12643,12802,12958,13065,13098,13099,13109,13124,13153,13144,13025,12866,12852,12954,12910,12708
12469,12286,12138,11981,11880,11746,11585,11446,11404,11386,11361,11333,11295,11237,11220,11198,11192,11195,11163,11120,11116,11097,11072,11075,11155,11264,11404,11536,11720,11919,12055,12100,12125,12088,11942,11808,11677,11459,11156,10983,10717,10504,10317,10160,9948,9746,9563,9437,9361,9284,9182,9096,9018,8969,8785,8546,8482,8458,8483,8517,8504,8388,8417,8566,8722,8926,9181,9522,9839,10069,10294,10470,10518,10643,10882,11088,11244,11411,11614,11833,12012,12203,12368,12507,12600,12723,12750,12742,12729,12773,12752,12682,12618,12562,12441,12271
12217,12068,11921,11755,11612,11464,11342,11220,11114,11050,10986,10926,10885,10854,10800,10764,10754,10747,10727,10695,10653,10597,10548,10492,10446,10379,10265,10124,9965,9813,9624,9432,9170,8870,8586,8386,8221,8032,7833,7671,7473,7219,7032,6871,6730,6565,6473,6381,6252,6182,6197,6156,6119,6092,6101,6145,6174,6292,6380,6413,6466,6556,6675,6868,7152,7439,7683,7954,8287,8634,9035,9411,9679,9898,10067,10244,10443,10664,10901,11162,11360,11551,11709,11840,11937,12027,12104,12117,12123,12145,12167,12143,12102,12060,11958,11837
11743,11661,11548,11384,11228,11091,11017,10935,10895,10855,10769,10695,10645,10579,10536,10511,10501,10421,10343,10355,10381,10361,10245,10175,10159,10095,9956,9743,9573,9419,9214,9003,8819,8627,8420,8371,8371,8266,8100,7941,7888,7863,7778,7638,7509,7358,7180,7048,6962,6986,7076,7053,6955,6835,6793,6760,6742,6824,6832,6777,6840,6896,6994,7191,7476,7689,7899,8087,8303,8554,8835,9068,9233,9380,9485,9707,9945,10190,10444,10695,10954,11202,11413,11574,11708,11821,11872,11917,12006,12127,12226,12188,12088,12022,11913,11812
11760,11800,11777,11692,11606,11530,11468,11387,11328,11271,11232,11185,11161,11145,11111,11100,11111,11122,11121,11128,11142,11125,11085,11083,11054,11063,11085,11067,11041,11074,11093,11075,11001,10843,10681,10552,10374,10142,9862,9638,9523,9513,9434,9352,9196,9025,8862,8723,8653,8569,8564,8537,8553,8602,8585,8487,8432,8387,8319,8283,8306,8378,8430,8462,8520,8568,8607,8780,9023,9250,9503,9732,9826,9882,10025,10213,10408,10644,10952,11258,11491,11754,12068,12291,12422,12513,12532,12484,12524,12648,12761,12709,12633,12593,12452,12263
12151,12106,12048,11944,11816,11713,11634,11545,11484,11411,11333,11278,11242,11222,11224,11219,11210,11219,11234,11251,11244,11205,11181,11189,11182,11172,11109,11014,10953,10944,10901,10800,10646,10427,10116,9863,9610,9328,9003,8703,8390,8167,7967,7688,7473,7350,7198,7081,7061,7054,6948,6765,6694,6775,6817,6786,6850,6958,7010,7092,7234,7431,7658,7803,7967,8093,8243,8505,8830,9075,9331,9643,9899,9978,10094,10294,10480,10639,10883,11142,11391,11677,11924,12119,12303,12447,12493,12545,12591,12628,12634,12573,12537,12554,12443,12267
11831,11714,11584,11410,11249,11140,11041,10925,10844,10799,10771,10719,10692,10673,10685,10659,10652,10640,10650,10678,10660,10666,10706,10756,10798,10791,10770,10770,10800,10839,10850,10812,10661,10431,10190,10020,9879,9745,9624,9451,9275,9105,8900,8734,8604,8471,8343,8168,8022,7932,7913,7906,7877,7871,7721,7639,7688,7784,7854,7954,8114,8306,8528,8751,8947,9154,9427,9736,10060,10423,10711,10893,10996,11065,11182,11331,11485,11644,11859,12069,12257,12445,12606,12726,12825,12906,12926,12928,12934,12926,12796,12640,12629,12674,12594,12464
12312,12229,12113,11947,11797,11675,11549,11411,11312,11230,11098,11049,11007,10956,10904,10871,10877,10896,10909,10913,10928,10912,10908,10930,10989,11048,11113,11168,11247,11300,11342,11345,11258,11038,10823,10673,10548,10341,9998,9694,9559,9446,9310,9171,9079,8988,8965,8935,8892,8889,8893,8919,8925,8857,8916,8931,8944,9024,9040,9074,9164,9241,9334,9480,9627,9789,9964,10252,10506,10834,11180,11468,11604,11671,11816,11937,12015,12147,12246,12391,12519,12588,12654,12715,12706,12702,12728,12724,12716,12736,12689,12567,12561,12628,12550,12411
12265,12152,12024,11868,11754,11671,11535,11426,11362,11353,11315,11282,11304,11279,11261,11239,11230,11212,11177,11139,11137,11107,11102,11129,11167,11259,11338,11424,11578,11692,11763,11830,11887,11837,11701,11561,11449,11275,11014,10734,10455,10239,9991,9764,9545,9329,9172,9028,8960,8893,8774,8671,8585,8511,8346,8178,8117,8141,8152,8179,8071,8006,8145,8295,8465,8656,8942,9237,9517,9800,10051,10275,10342,10450,10617,10804,10923,11109,11327,11594,11780,11932,12085,12206,12306,12413,12478,12461,12468,12517,12554,12496,12456,12401,12274,12124
12322,12205,12054,11863,11728,11593,11435,11300,11194,11127,11049,10987,10948,10907,10850,10803,10778,10774,10739,10695,10634,10570,10516,10458,10416,10331,10195,10050,9915,9786,9613,9441,9225,9006,8778,8633,8530,8410,8295,8181,7970,7720,7573,7469,7372,7223,7127,7005,6825,6626,6538,6463,6395,6325,6282,6228,6110,6082,6095,6110,6157,6264,6401,6613,6863,7122,7382,7660,7968,8285,8623,8958,9246,9518,9731,9970,10188,10428,10648,10830,10951,11147,11353,11516,11608,11704,11770,11792,11854,11978,12051,12020,11970,11963,11872,11735
11659,11642,11623,11513,11407,11301,11198,11064,10990,10976,10926,10863,10812,10774,10743,10704,10674,10611,10532,10493,10475,10435,10313,10201,10122,10035,9916,9761,9582,9391,9197,8977,8775,8558,8360,8193,8092,7956,7798,7613,7462,7406,7358,7276,7228,7140,6981,6913,6863,6913,6837,6737,6692,6752,6740,6702,6683,6683,6643,6576,6644,6710,6813,6922,7020,7096,7195,7350,7658,8096,8531,8890,9133,9337,9492,9708,9931,10162,10379,10589,10857,11130,11370,11550,11668,11792,11864,11916,12011,12131,12215,12169,12078,12007,11926,11821
11780,11883,11878,11815,11734,11658,11581,11503,11437,11364,11328,11292,11268,11256,11239,11228,11235,11239,11234,11254,11296,11337,11343,11342,11305,11307,11374,11408,11441,11527,11569,11604,11597,11492,11395,11327,11222,11093,10924,10761,10700,10737,10684,10596,10517,10460,10391,10278,10172,9996,9924,9856,9799,9746,9576,9423,9346,9248,9167,9153,9144,9155,9224,9256,9285,9311,9333,9510,9758,9911,10048,10248,10362,10436,10566,10727,10897,11092,11385,11658,11894,12141,12411,12613,12742,12792,12770,12738,12794,12872,12920,12869,12789,12717,12553,12394
12308,12293,12253,12137,12002,11894,11813,11702,11619,11539,11448,11401,11370,11341,11337,11321,11322,11328,11337,11345,11340,11310,11277,11281,11276,11258,11196,11138,11113,11113,11054,11020,10928,10756,10496,10279,10052,9799,9494,9205,8923,8669,8400,8096,7857,7666,7457,7256,7144,7079,6950,6774,6693,6744,6756,6704,6664,6770,6959,7188,7417,7675,7980,8176,8314,8525,8768,9018,9337,9635,9999,10347,10596,10730,10916,11133,11254,11367,11584,11803,11994,12224,12449,12599,12699,12794,12865,12930,12957,12954,12912,12821,12780,12772,12621,12436
12055,11969,11872,11705,11568,11461,11320,11230,11162,11135,11102,11047,10976,10953,10910,10864,10822,10800,10799,10790,10796,10787,10803,10826,10903,10971,11086,11167,11286,11384,11431,11418,11343,11147,10885,10673,10538,10420,10209,9987,9823,9666,9527,9346,9199,9045,8856,8667,8538,8460,8320,8175,8114,8065,8007,8042,8135,8235,8304,8400,8503,8715,8891,9035,9155,9257,9462,9739,10093,10476,10760,10976,11052,11065,11135,11304,11488,11704,11930,12156,12356,12503,12678,12830,12939,13010,13036,13037,13043,13032,12954,12835,12802,12781,12689,12500
12313,12163,12001,11832,11661,11578,11453,11327,11238,11154,11104,11030,11008,10963,10906,10869,10854,10867,10860,10886,10895,10894,10887,10939,11017,11068,11125,11183,11267,11311,11346,11333,11198,10988,10829,10687,10510,10324,10046,9805,9603,9425,9248,9046,8897,8811,8804,8835,8856,8903,8882,8870,8965,8998,8969,8926,8856,8795,8779,8856,8985,9102,9165,9241,9299,9462,9623,9869,10166,10498,10842,11051,11128,11189,11342,11560,11739,11896,12062,12259,12397,12485,12598,12654,12675,12679,12681,12671,12678,12672,12594,12514,12493,12493,12403,12271
12129,12051,11914,11783,11652,11561,11432,11345,11306,11299,11240,11212,11176,11129,11095,11053,11031,11022,11012,11022,11064,11081,11090,11103,11169,11213,11235,11269,11298,11339,11342,11362,11325,11175,10998,10805,10618,10454,10172,9937,9695,9480,9314,9135,8953,8813,8649,8571,8510,8404,8263,8175,8190,8195,8185,8180,8172,8191,8315,8409,8418,8435,8482,8567,8673,8832,9012,9197,9415,9709,10028,10256,10416,10461,10578,10796,10987,11191,11454,11717,11976,12155,12271,12374,12430,12491,12499,12476,12481,12516,12510,12427,12361,12332,12221,12061
12091,11926,11799,11639,11521,11406,11257,11111,11008,10979,10927,10889,10872,10850,10800,10752,10727,10731,10709,10670,10627,10597,10558,10504,10465,10380,10234,10093,9953,9801,9617,9442,9272,9034,8701,8460,8238,8000,7797,7631,7372,7055,6794,6627,6467,6247,6114,5989,5830,5628,5545,5504,5461,5346,5238,5144,5021,4981,4966,4974,4988,5083,5200,5368,5588,5856,6110,6332,6593,6937,7321,7703,8055,8433,8736,9072,9393,9745,10075,10355,10571,10840,11130,11367,11520,11641,11722,11753,11829,11972,12066,12047,11995,11973,11881,11746
11675,11666,11657,11555,11467,11396,11293,11157,11068,11023,10985,10934,10906,10884,10861,10811,10768,10747,10702,10651,10626,10592,10472,10356,10278,10198,10065,9902,9733,9553,9330,9055,8809,8560,8327,8157,8006,7804,7600,7392,7170,6963,6728,6532,6415,6260,6114,5964,5818,5802,5708,5605,5547,5598,5593,5571,5527,5443,5420,5446,5548,5669,5779,5916,6056,6192,6334,6570,6931,7441,7934,8347,8630,8848,9052,9334,9610,9909,10187,10402,10661,10962,11226,11435,11559,11757,11909,11986,12072,12170,12228,12174,12117,12041,11973,11853
11813,11915,11900,11822,11728,11649,11562,11470,11391,11319,11276,11238,11200,11177,11141,11111,11115,11112,11093,11086,11111,11177,11194,11188,11161,11217,11287,11305,11294,11300,11297,11273,11207,11055,10863,10704,10536,10330,10065,9811,9639,9542,9363,9210,9094,8999,8895,8746,8603,8436,8309,8150,8056,7969,7765,7619,7526,7426,7412,7419,7404,7433,7578,7704,7869,8044,8196,8483,8853,9157,9436,9790,10065,10250,10528,10802,10961,11135,11510,11820,12063,12354,12700,12947,13087,13145,13208,13225,13221,13237,13249,13212,13161,13096,12954,12810
12725,12718,12658,12533,12407,12308,12227,12121,12047,11976,11884,11823,11793,11762,11740,11702,11693,11696,11694,11701,11716,11700,11678,11677,11691,11701,11646,11591,11540,11505,11445,11423,11360,11219,11015,10848,10670,10467,10187,9883,9610,9374,9138,8876,8636,8415,8212,7996,7839,7709,7576,7385,7270,7248,7231,7147,7053,7140,7317,7503,7695,7920,8195,8402,8541,8781,9079,9353,9701,10067,10467,10839,11100,11232,11430,11673,11801,11889,12101,12322,12510,12640,12798,12959,13040,13138,13253,13318,13322,13281,13192,13026,12901,12839,12730,12537
12179,12056,11935,11801,11660,11559,11444,11361,11320,11288,11217,11146,11109,11047,10993,10984,10973,10962,10971,10954,10975,11020,11025,11056,11225,11387,11489,11539,11626,11726,11803,11801,11716,11603,11448,11321,11202,11071,10840,10556,10299,10095,9905,9756,9565,9340,9146,8984,8824,8629,8445,8283,8252,8155,8108,8182,8352,8541,8719,8857,8979,9114,9286,9457,9575,9744,9928,10179,10500,10892,11262,11652,11785,11772,11814,11981,12168,12345,12565,12804,12962,13092,13232,13351,13432,13489,13528,13583,13604,13615,13564,13427,13356,13297,13191,12981
12762,12616,12458,12304,12164,12043,11958,11880,11812,11755,11715,11689,11649,11605,11566,11533,11524,11523,11515,11533,11599,11640,11677,11713,11805,11900,12008,12079,12186,12283,12372,12374,12317,12233,12176,12094,11994,11888,11792,11650,11536,11451,11335,11231,11111,11066,11072,11155,11234,11270,11232,11188,11164,11134,11055,10924,10772,10623,10541,10602,10698,10769,10757,10715,10675,10693,10776,10964,11217,11471,11656,11760,11770,11725,11801,11953,12071,12186,12333,12482,12597,12693,12777,12856,12910,12916,12898,12879,12886,12921,12880,12764,12718,12732,12626,12448
12284,12184,12044,11889,11768,11657,11556,11453,11406,11351,11305,11270,11238,11217,11190,11161,11156,11161,11181,11180,11231,11268,11303,11319,11352,11365,11432,11453,11497,11534,11557,11579,11577,11476,11348,11179,11031,10946,10781,10603,10397,10212,10077,9933,9799,9675,9581,9447,9322,9199,9016,8893,8869,8913,8948,8947,8921,8920,8990,9070,9115,9178,9259,9321,9396,9499,9625,9809,10016,10283,10581,10839,10961,10997,11084,11269,11471,11674,11887,12146,12349,12491,12607,12686,12714,12749,12758,12728,12729,12752,12695,12566,12492,12477,12375,12209
12240,12068,11919,11735,11642,11575,11461,11333,11251,11226,11196,11173,11162,11132,11089,11056,11026,11028,11014,10980,10961,10951,10907,10848,10779,10691,10566,10426,10284,10115,9917,9715,9533,9313,9014,8773,8524,8281,8080,7918,7708,7495,7220,7013,6836,6639,6477,6266,6065,5764,5527,5410,5294,5094,4918,4777,4653,4609,4578,4597,4660,4778,4890,5065,5275,5494,5764,6077,6403,6774,7163,7564,7934,8344,8691,9050,9409,9789,10153,10468,10727,11022,11317,11560,11716,11831,11899,11932,12031,12169,12209,12168,12102,12045,11949,11805
11714,11675,11607,11494,11394,11306,11194,11046,10960,10923,10857,10808,10766,10731,10684,10632,10599,10617,10636,10619,10589,10535,10408,10317,10263,10216,10107,9942,9750,9537,9309,9046,8815,8593,8386,8216,8010,7748,7468,7225,6982,6713,6440,6193,6018,5798,5619,5455,5277,5169,4943,4797,4748,4794,4792,4754,4695,4664,4766,4884,4924,4959,5042,5211,5361,5589,5863,6221,6716,7263,7755,8187,8474,8774,9115,9473,9820,10189,10513,10763,11015,11315,11580,11785,11874,12014,12134,12209,12304,12377,12401,12333,12294,12241,12177,12052
11998,12081,12013,11879,11761,11690,11624,11545,11478,11422,11393,11363,11334,11323,11281,11244,11256,11274,11257,11258,11286,11369,11398,11401,11397,11466,11555,11588,11592,11611,11624,11642,11653,11623,11575,11482,11376,11247,10937,10566,10390,10239,9987,9841,9748,9617,9471,9258,9079,8974,8886,8720,8657,8687,8598,8518,8417,8295,8229,8229,8218,8217,8298,8353,8466,8556,8633,8819,9109,9376,9648,10010,10310,10472,10756,11021,11157,11337,11659,11902,12141,12422,12706,12925,13053,13092,13142,13201,13243,13260,13191,13121,13099,13083,12971,12828
12702,12655,12566,12431,12313,12202,12142,12055,11982,11943,11891,11837,11798,11757,11768,11745,11751,11751,11737,11731,11730,11708,11704,11714,11776,11856,11857,11833,11768,11751,11740,11745,11752,11724,11633,11519,11387,11214,10941,10642,10394,10105,9841,9608,9382,9149,8950,8738,8567,8390,8234,8113,8075,8038,8008,7936,7806,7797,7952,8140,8303,8483,8728,8912,9024,9244,9554,9849,10214,10584,10954,11303,11575,11708,11899,12151,12264,12334,12512,12696,12826,12912,13031,13163,13218,13287,13413,13496,13514,13462,13344,13164,13046,13021,12936,12745
12272,12123,12026,11876,11747,11680,11613,11537,11479,11431,11353,11293,11237,11209,11172,11166,11177,11189,11183,11160,11214,11263,11250,11330,11489,11604,11694,11729,11777,11815,11861,11887,11832,11697,11586,11471,11310,11082,10813,10513,10317,10145,9928,9757,9573,9407,9225,9101,9002,8833,8642,8530,8489,8514,8484,8530,8673,8887,9016,9069,9123,9152,9203,9334,9420,9551,9712,9913,10186,10480,10836,11152,11312,11378,11466,11656,11835,12021,12261,12527,12679,12848,12992,13090,13191,13276,13330,13413,13453,13475,13399,13251,13156,13094,12945,12733
12570,12468,12336,12163,12040,11940,11856,11771,11704,11654,11617,11571,11545,11504,11471,11458,11462,11456,11437,11461,11505,11529,11551,11582,11614,11685,11760,11814,11894,11953,11972,11951,11907,11905,11871,11747,11581,11420,11305,11065,10917,10800,10576,10366,10232,10081,10048,10058,10027,9998,9956,9926,9944,9898,9856,9772,9682,9613,9638,9737,9894,10062,10196,10251,10304,10348,10451,10668,10966,11216,11419,11566,11618,11649,11749,11879,11998,12095,12235,12392,12465,12516,12576,12633,12667,12658,12660,12669,12689,12681,12613,12503,12463,12470,12381,12209
12084,11979,11842,11673,11531,11417,11330,11264,11198,11140,11112,11060,11033,10994,10965,10950,10967,10991,11008,11027,11081,11126,11186,11218,11212,11216,11269,11333,11413,11474,11510,11547,11534,11471,11387,11291,11169,11073,10948,10799,10642,10483,10298,10160,10034,9903,9796,9623,9437,9271,9092,8937,8881,8822,8765,8686,8605,8634,8683,8731,8733,8747,8837,8929,9058,9163,9328,9536,9735,9991,10266,10516,10690,10787,10930,11131,11364,11556,11779,12001,12159,12300,12430,12519,12550,12588,12588,12573,12612,12634,12565,12444,12410,12440,12346,12176
12204,12015,11886,11725,11620,11549,11470,11365,11282,11242,11222,11204,11176,11139,11102,11075,11047,11025,11012,10982,10966,10962,10932,10875,10798,10708,10587,10430,10260,10059,9812,9557,9321,9018,8662,8381,8082,7762,7473,7239,6985,6753,6438,6149,5874,5618,5405,5229,5108,4984,4866,4801,4759,4685,4602,4544,4543,4610,4672,4759,4860,4973,5102,5339,5658,5996,6345,6697,7053,7468,7917,8362,8754,9122,9460,9815,10151,10488,10854,11191,11470,11699,11900,12083,12229,12327,12391,12418,12488,12562,12550,12492,12416,12346,12274,12163
12043,11923,11781,11629,11501,11400,11317,11205,11111,11062,10998,10938,10899,10862,10808,10765,10746,10772,10801,10789,10758,10709,10626,10550,10471,10400,10292,10121,9958,9769,9583,9376,9153,8946,8750,8574,8362,8086,7784,7560,7349,7059,6793,6583,6439,6265,6116,5943,5803,5670,5520,5377,5363,5406,5391,5357,5334,5380,5500,5577,5581,5604,5718,5868,6044,6286,6539,6841,7267,7754,8167,8569,8872,9152,9435,9749,10024,10318,10641,10875,11095,11333,11552,11703,11793,11940,12061,12137,12232,12282,12283,12206,12175,12154,12090,11971
11909,11937,11885,11748,11627,11546,11490,11434,11387,11358,11339,11303,11261,11242,11200,11162,11171,11194,11181,11171,11180,11249,11294,11316,11318,11401,11502,11514,11488,11480,11477,11499,11519,11473,11383,11232,11082,10918,10574,10152,9884,9645,9396,9264,9093,8874,8657,8402,8229,8168,8100,7957,7899,7954,7949,7919,7863,7823,7736,7684,7654,7627,7645,7699,7804,7865,7992,8165,8453,8802,9189,9572,9828,9982,10327,10641,10799,11021,11368,11650,11914,12209,12497,12716,12832,12885,12951,13002,13031,13032,12955,12849,12828,12861,12787,12633
12489,12428,12316,12160,12035,11929,11869,11768,11687,11617,11564,11509,11462,11419,11417,11402,11381,11383,11374,11365,11357,11333,11343,11364,11419,11527,11594,11592,11493,11466,11455,11424,11390,11350,11252,11108,10966,10782,10507,10205,9940,9658,9416,9236,9023,8782,8622,8474,8316,8188,8054,7952,7909,7882,7860,7808,7797,7804,7780,7773,7816,7878,7986,8125,8242,8345,8519,8775,9113,9501,9854,10230,10554,10768,10994,11272,11480,11656,11917,12148,12313,12417,12577,12764,12884,12971,13118,13227,13247,13180,13018,12815,12688,12658,12585,12424
12263,12173,12085,11949,11848,11782,11704,11622,11572,11518,11459,11391,11350,11313,11283,11282,11270,11269,11252,11228,11272,11360,11395,11430,11474,11498,11519,11494,11439,11440,11430,11391,11273,11135,10983,10838,10644,10459,10184,9842,9609,9434,9134,8877,8664,8435,8197,7991,7837,7649,7454,7312,7259,7315,7281,7309,7428,7571,7709,7793,7852,7864,7974,8126,8283,8524,8771,9046,9328,9646,10048,10489,10791,10903,11071,11351,11589,11824,12103,12404,12627,12794,12909,13019,13122,13205,13281,13376,13444,13447,13416,13321,13228,13212,13120,12942
12441,12387,12292,12125,11976,11897,11805,11705,11617,11555,11497,11432,11396,11357,11324,11308,11306,11295,11297,11305,11331,11387,11445,11480,11508,11600,11684,11736,11808,11897,11933,11929,11903,11855,11706,11523,11491,11428,11264,11082,10875,10631,10321,10123,10062,10051,10086,10080,9998,9946,9871,9795,9746,9689,9648,9682,9588,9476,9453,9463,9490,9573,9624,9698,9811,9952,10121,10356,10630,10901,11213,11465,11566,11637,11817,12005,12119,12207,12349,12509,12601,12646,12708,12768,12787,12790,12775,12787,12761,12703,12590,12447,12396,12405,12308,12152
12024,11936,11798,11626,11471,11367,11295,11215,11132,11071,11045,11015,10987,10937,10901,10877,10881,10898,10904,10930,10995,11064,11138,11175,11180,11204,11287,11363,11486,11562,11589,11621,11606,11525,11441,11328,11225,11074,10848,10672,10531,10310,10047,9914,9798,9656,9530,9357,9177,9000,8774,8608,8431,8273,8144,7996,7904,7877,7863,7862,7849,7784,7849,7959,8095,8241,8392,8589,8813,9118,9416,9712,9946,10160,10328,10549,10804,11000,11242,11500,11727,11892,12061,12202,12253,12308,12321,12365,12429,12416,12337,12207,12180,12207,12133,11995
12216,12086,11977,11832,11758,11704,11629,11548,11476,11408,11375,11339,11296,11246,11211,11178,11158,11143,11139,11116,11112,11117,11094,11052,10975,10887,10782,10651,10480,10272,10012,9724,9429,9128,8824,8526,8271,7977,7666,7379,7118,6880,6578,6278,5995,5752,5498,5321,5185,5059,4964,4909,4904,4874,4808,4753,4774,4831,4938,5069,5207,5314,5456,5713,6034,6380,6722,7078,7444,7837,8263,8676,9028,9331,9659,9993,10307,10624,10974,11289,11544,11774,11934,12066,12183,12274,12342,12390,12443,12480,12446,12372,12305,12259,12196,12083
11962,11840,11685,11534,11407,11312,11229,11113,11020,10973,10902,10840,10796,10746,10687,10652,10631,10647,10678,10673,10642,10600,10540,10487,10413,10336,10251,10110,9962,9780,9606,9424,9215,9012,8809,8585,8345,8063,7735,7467,7247,6983,6748,6584,6430,6273,6105,5953,5822,5636,5523,5400,5390,5395,5388,5356,5299,5317,5448,5572,5575,5579,5689,5795,5978,6178,6505,6793,7164,7588,7971,8361,8681,9028,9381,9683,9969,10259,10603,10906,11198,11445,11678,11834,11899,11956,12026,12083,12153,12186,12142,12040,12074,12092,12032,11923
11848,11835,11769,11634,11522,11446,11403,11367,11335,11310,11293,11259,11226,11217,11188,11170,11175,11211,11204,11208,11226,11282,11351,11404,11403,11428,11497,11516,11519,11524,11502,11501,11503,11435,11322,11140,10952,10765,10425,10020,9797,9630,9419,9252,9080,8898,8741,8556,8483,8455,8370,8270,8254,8290,8246,8178,8121,8068,7954,7861,7811,7778,7745,7747,7796,7855,7987,8139,8385,8699,9082,9422,9565,9647,9943,10252,10479,10777,11096,11404,11692,11945,12165,12331,12415,12465,12515,12583,12643,12651,12570,12426,12335,12330,12271,12132
11997,11939,11844,11705,11598,11505,11452,11361,11290,11231,11189,11145,11098,11059,11071,11070,11053,11055,11048,11040,11027,11013,11032,11074,11103,11137,11145,11157,11114,11119,11084,11044,10980,10887,10738,10544,10347,10127,9824,9498,9215,8921,8669,8466,8253,8020,7834,7691,7568,7409,7262,7165,7141,7143,7139,7083,7061,7040,7011,7017,7047,7079,7187,7327,7456,7611,7784,8023,8360,8746,9110,9481,9789,9995,10216,10477,10754,11051,11354,11623,11843,12054,12260,12400,12523,12593,12695,12778,12790,12750,12651,12509,12430,12438,12348,12220
11747,11701,11571,11441,11378,11304,11228,11159,11098,11063,10993,10935,10899,10879,10849,10819,10810,10802,10795,10803,10842,10925,10992,11022,11079,11136,11183,11211,11240,11241,11185,11086,10995,10841,10663,10436,10237,10032,9794,9537,9327,9110,8785,8487,8249,8035,7800,7623,7471,7328,7158,6993,6953,6986,7001,7017,7065,7066,7089,7196,7256,7308,7454,7597,7742,7980,8285,8325,8380,9308,9709,10095,10350,10499,10773,11102,11374,11609,11874,12145,12364,12505,12599,12715,12772,12811,12845,12890,12893,12820,12725,12627,12542,12534,12407,12235
12089,11990,11882,11735,11615,11544,11455,11350,11276,11240,11178,11137,11107,11071,11050,11023,11007,11004,11017,11007,11036,11107,11191,11229,11281,11331,11396,11417,11459,11444,11419,11371,11280,11114,10825,10559,10434,10257,10028,9772,9495,9176,8840,8625,8459,8390,8369,8301,8169,8039,7941,7835,7726,7657,7643,7694,7652,7629,7660,7711,7771,7858,7956,8101,8296,8530,8802,9114,9465,9772,10203,10561,10799,10995,11236,11513,11697,11809,12074,12336,12536,12674,12804,12950,13028,13075,13093,13122,13049,12951,12827,12654,12530,12479,12346,12166
12022,11901,11765,11577,11442,11373,11311,11226,11146,11085,11061,11020,11003,10981,10948,10916,10893,10897,10903,10901,10948,11000,11090,11145,11196,11246,11321,11379,11488,11512,11501,11465,11393,11290,11172,11002,10833,10598,10287,10028,9805,9543,9268,9112,8989,8800,8600,8440,8228,8060,7878,7713,7515,7400,7303,7205,7148,7112,7101,7123,7112,7080,7142,7304,7513,7687,7911,8171,8456,8813,9149,9436,9687,9913,10155,10470,10765,11051,11378,11708,11966,12181,12360,12468,12519,12518,12541,12558,12565,12484,12409,12256,12217,12179,12081,11960
12174,12045,11938,11820,11709,11600,11512,11427,11370,11320,11280,11233,11178,11139,11108,11079,11065,11059,11068,11055,11048,11048,11044,11027,10978,10914,10806,10699,10575,10393,10134,9852,9579,9278,8976,8701,8463,8179,7867,7549,7248,6958,6653,6341,6034,5764,5501,5318,5145,5008,4947,4906,4893,4888,4844,4802,4824,4861,4974,5137,5273,5375,5514,5769,6093,6448,6785,7145,7525,7930,8385,8839,9235,9589,9969,10320,10629,10960,11307,11597,11811,12034,12206,12315,12412,12501,12573,12599,12579,12544,12489,12396,12330,12291,12214,12078
11946,11832,11721,11575,11443,11333,11242,11129,11028,10976,10928,10884,10864,10842,10812,10774,10750,10743,10731,10709,10694,10700,10688,10639,10579,10510,10419,10321,10231,10097,9927,9762,9564,9359,9136,8871,8608,8342,8073,7819,7574,7333,7047,6926,6713,6503,6328,6200,6094,5962,5888,5778,5770,5779,5779,5787,5790,5811,5847,5934,6017,6128,6307,6463,6675,6910,7303,7625,7938,8339,8752,9177,9532,9855,10165,10424,10639,10865,11147,11400,11651,11855,12044,12174,12238,12287,12328,12376,12409,12398,12285,12125,12137,12132,12038,11929
11882,11886,11847,11766,11698,11620,11565,11509,11457,11421,11393,11363,11340,11326,11284,11252,11252,11287,11290,11295,11317,11397,11491,11570,11599,11645,11714,11777,11829,11811,11719,11726,11729,11658,11509,11280,11032,10829,10617,10371,10147,9979,9841,9681,9489,9340,9242,9153,9169,9153,9040,8955,8958,8980,8874,8710,8714,8762,8729,8621,8545,8528,8545,8604,8687,8820,9016,9223,9440,9688,10003,10262,10372,10491,10783,11115,11386,11644,11935,12240,12467,12666,12880,13024,13111,13192,13258,13272,13250,13197,13103,12951,12817,12764,12685,12547
12412,12305,12133,11965,11849,11754,11670,11564,11479,11391,11337,11274,11215,11182,11151,11121,11083,11084,11074,11073,11083,11103,11142,11204,11241,11275,11269,11277,11279,11260,11164,11058,10896,10694,10458,10246,10002,9705,9361,9041,8713,8354,8011,7757,7518,7275,7077,6919,6788,6671,6540,6478,6487,6569,6667,6667,6692,6752,6795,6824,6877,6968,7180,7406,7542,7773,8113,8406,8775,9206,9624,10033,10305,10468,10751,11024,11272,11538,11853,12137,12355,12550,12739,12854,12961,13017,13070,13086,13058,13017,12906,12751,12661,12644,12532,12377
12145,12021,11882,11762,11650,11533,11432,11380,11313,11231,11170,11119,11077,11043,11034,10988,10976,10965,10978,10999,11051,11140,11216,11303,11389,11476,11518,11585,11710,11755,11773,11743,11727,11644,11543,11419,11309,11181,11020,10841,10672,10441,10148,9936,9750,9583,9455,9320,9261,9235,9159,9053,9015,9006,9023,9030,9035,9070,9121,9217,9324,9408,9458,9541,9671,9780,9890,9813,9798,10677,11001,11315,11416,11441,11647,11879,12059,12222,12418,12637,12814,12905,13015,13090,13127,13167,13201,13237,13176,13120,13022,12839,12730,12675,12506,12322
12149,12017,11891,11764,11675,11627,11556,11469,11428,11380,11330,11301,11301,11291,11273,11253,11257,11256,11263,11265,11312,11376,11461,11506,11584,11671,11697,11755,11867,11881,11809,11790,11771,11674,11505,11389,11263,11063,10796,10492,10284,10071,9848,9633,9536,9488,9465,9472,9467,9370,9186,9022,8920,8833,8737,8669,8575,8468,8453,8461,8552,8669,8822,8941,9055,9199,9363,9605,9824,10131,10449,10804,11074,11287,11534,11814,12009,12164,12413,12693,12859,12967,13121,13232,13289,13353,13395,13380,13311,13253,13140,12980,12866,12754,12605,12425
12257,12132,11967,11782,11676,11617,11546,11464,11399,11341,11286,11268,11246,11246,11206,11167,11145,11141,11139,11166,11177,11243,11336,11394,11466,11565,11647,11724,11805,11783,11687,11615,11560,11450,11337,11165,11027,10832,10559,10336,10118,9910,9658,9513,9350,9213,9118,8945,8815,8659,8482,8292,8209,8206,8160,8122,8075,8089,8101,8130,8179,8289,8447,8645,8852,8999,9171,9436,9791,10164,10545,10803,10958,11109,11292,11485,11691,11880,12098,12357,12559,12701,12802,12876,12898,12912,12894,12849,12780,12732,12620,12475,12414,12360,12248,12106
12251,12129,12017,11885,11751,11644,11554,11469,11423,11380,11334,11281,11245,11219,11182,11149,11134,11127,11122,11116,11123,11128,11132,11133,11111,11072,11001,10945,10885,10707,10429,10187,9934,9641,9348,9086,8857,8581,8274,7953,7652,7334,6974,6633,6339,6065,5823,5639,5448,5293,5210,5142,5121,5104,5057,5027,5022,5030,5066,5146,5275,5371,5501,5690,5911,6167,6447,6816,7168,7533,7963,8416,8818,9218,9651,10042,10393,10758,11128,11453,11701,11944,12152,12279,12391,12494,12571,12585,12536,12475,12403,12290,12223,12182,12095,11942
11806,11705,11607,11475,11326,11198,11095,10980,10892,10820,10752,10707,10689,10668,10639,10593,10565,10551,10538,10523,10509,10513,10500,10463,10418,10361,10265,10160,10040,9865,9612,9353,9086,8801,8489,8170,7834,7459,7098,6755,6456,6161,5779,5591,5328,5042,4791,4679,4627,4505,4467,4404,4362,4330,4354,4387,4415,4484,4620,4736,4819,4963,5191,5460,5749,6081,6609,7057,7407,7804,8312,8826,9239,9597,10000,10383,10701,10967,11244,11543,11844,12106,12324,12482,12578,12624,12630,12646,12642,12600,12469,12299,12294,12256,12144,12013
11963,11990,11931,11834,11754,11682,11629,11556,11478,11415,11373,11346,11334,11320,11283,11253,11246,11276,11294,11309,11341,11436,11532,11625,11688,11746,11782,11848,11932,11941,11889,11901,11872,11807,11661,11450,11226,11017,10763,10510,10295,10121,9960,9759,9531,9358,9238,9126,9119,9067,8940,8845,8878,8913,8839,8708,8733,8825,8890,8866,8860,8890,8961,9076,9213,9387,9591,9876,10181,10477,10770,10992,11077,11148,11366,11658,11902,12150,12464,12731,12899,13014,13154,13236,13320,13408,13444,13399,13335,13272,13165,13005,12869,12802,12716,12576
12439,12330,12176,12030,11928,11849,11771,11683,11609,11561,11518,11459,11410,11384,11361,11327,11309,11318,11314,11325,11364,11429,11506,11593,11666,11718,11678,11703,11802,11828,11765,11691,11561,11366,11123,10928,10675,10368,10017,9685,9355,8999,8649,8331,8065,7845,7607,7426,7261,7082,6967,6907,6906,6969,7100,7174,7238,7325,7437,7486,7485,7581,7770,7956,8099,8411,8845,9178,9544,9981,10476,10919,11193,11263,11485,11747,11945,12143,12411,12679,12917,13118,13246,13307,13435,13556,13575,13520,13467,13460,13410,13252,13136,13113,13015,12841
11784,11644,11491,11337,11211,11059,10966,10899,10801,10734,10673,10651,10598,10579,10531,10529,10541,10546,10546,10559,10653,10729,10828,10943,11127,11228,11337,11464,11661,11738,11810,11826,11842,11808,11752,11714,11636,11554,11406,11278,11095,10870,10679,10555,10411,10313,10234,10233,10231,10185,10114,10094,10131,10174,10204,10215,10230,10265,10311,10393,10431,10486,10566,10651,10733,10816,10963,11225,11524,11794,12086,12305,12258,12292,12386,12517,12647,12787,12935,13062,13140,13191,13241,13287,13302,13284,13222,13150,12986,12855,12667,12509,12416,12260,12075,11863
